{
  "hash": "de7da152",
  "browserHash": "f84e1ce0",
  "optimized": {
    "@angular/common": {
      "src": "../../../../../node_modules/@angular/common/fesm2022/common.mjs",
      "file": "@angular_common.js",
      "fileHash": "a4b3c39a",
      "needsInterop": false
    },
    "@angular/core": {
      "src": "../../../../../node_modules/@angular/core/fesm2022/core.mjs",
      "file": "@angular_core.js",
      "fileHash": "5a79df24",
      "needsInterop": false
    },
    "@angular/platform-browser": {
      "src": "../../../../../node_modules/@angular/platform-browser/fesm2022/platform-browser.mjs",
      "file": "@angular_platform-browser.js",
      "fileHash": "1ebc9d81",
      "needsInterop": false
    },
    "@angular/router": {
      "src": "../../../../../node_modules/@angular/router/fesm2022/router.mjs",
      "file": "@angular_router.js",
      "fileHash": "3874a494",
      "needsInterop": false
    }
  },
  "chunks": {
    "chunk-EJZUQ4WJ": {
      "file": "chunk-EJZUQ4WJ.js"
    },
    "chunk-2LUOTJJP": {
      "file": "chunk-2LUOTJJP.js"
    },
    "chunk-KOXGXC6M": {
      "file": "chunk-KOXGXC6M.js"
    }
  }
}